Residue	SphereCon value
2 A THR	0.5360306604164159
3 A LEU	0.21135661630449598
4 A GLU	0.460789703207737
5 A LYS	0.1171724121051607
6 A PHE	-0.06204850388739389
7 A VAL	0.22158930472971186
8 A ASP	0.011724997204954134
9 A ALA	0.32227201935677163
10 A LEU	-0.012456279568763964
11 A PRO	0.15661431503212503
12 A ILE	0.3869381053901354
13 A PRO	0.05564348430806477
14 A ASP	0.5985057481748867
15 A THR	0.3081843655885093
16 A LEU	0.1119033876286596
17 A LYS	0.6385636013510694
18 A PRO	0.11611064485650624
19 A VAL	0.3438514654429952
20 A GLN	0.4449062340157429
21 A GLN	0.3526670489989536
22 A SER	0.3569877954413314
23 A LYS	0.7412004648788234
24 A GLU	0.585562163017669
25 A LYS	0.23889223128863196
26 A THR	-0.13980000161583306
27 A TYR	0.053350950447667696
28 A TYR	-0.12389975217667154
29 A GLU	0.26349410649323185
30 A VAL	-0.13132834804426538
31 A THR	0.05582787453881667
32 A MET	-0.15353286732175572
33 A GLU	0.2349038142601195
34 A GLU	0.09287109503177834
35 A CYS	0.014940781626683835
36 A THR	0.30897226672269335
37 A HIS	0.19212338316626318
38 A GLN	0.26976728199494493
39 A LEU	-0.03506536156307829
40 A HIS	-0.21798236492505088
41 A ARG	0.4280253500015988
42 A ASP	0.33552758417261963
43 A LEU	0.035332918874312474
44 A PRO	0.3852576864000176
45 A PRO	0.3264572962012805
46 A THR	-0.10506092323107395
47 A ARG	0.3196640786976079
48 A LEU	-0.08184196814866529
49 A TRP	-0.22246357963855412
50 A GLY	-0.22291239508737634
51 A TYR	-0.28017732561039577
52 A ASN	0.1741051137611509
53 A GLY	0.1378599274663607
54 A LEU	0.31131876815476983
55 A PHE	-0.024471670106561594
56 A PRO	0.06300723518168619
57 A GLY	-0.060982822639299356
58 A PRO	-0.06791100521802611
59 A THR	-0.04035220868506682
60 A ILE	-0.07839073675427483
61 A GLU	0.30678746539075324
62 A VAL	-0.09586431336999665
63 A LYS	0.44206357478560176
64 A ARG	0.23732146874344065
65 A ASN	0.3518460083999928
66 A GLU	0.0902172790674851
67 A ASN	0.10236765804035465
68 A VAL	-0.18986286474662134
69 A TYR	0.04334635655071766
70 A VAL	-0.16585517020266388
71 A LYS	0.18442444910145078
72 A TRP	-0.16382465120241319
73 A MET	0.14590771665198235
74 A ASN	-0.1986639767549182
75 A ASN	0.285512269536316
76 A LEU	-0.08456234981441949
77 A PRO	0.22713813970251903
78 A SER	0.4918660877808438
79 A THR	0.4955344658334027
80 A HIS	-0.20156053404760976
81 A PHE	0.03567474669036159
82 A LEU	-0.044120128574216065
83 A PRO	0.1504695813793656
84 A ILE	0.1851195141502326
85 A ASP	-0.10210658379884213
86 A HIS	0.5062196635166839
87 A THR	0.20339127309104282
88 A ILE	0.10975305555253996
89 A HIS	0.4683092949707762
97 A GLU	0.5296337633166018
98 A PRO	0.1815407576742806
99 A GLU	0.31568225024072943
100 A VAL	-0.06826630214731072
101 A LYS	-0.022471683172657797
102 A THR	-0.15868121731512216
103 A VAL	-0.20725376954761554
104 A VAL	-0.15819244753620906
105 A HIS	-0.2855745546987119
106 A LEU	-0.1543409083779779
107 A HIS	-0.34677910373416476
108 A GLY	0.03009122931304278
109 A GLY	0.11374012120332407
110 A VAL	0.10504176817510169
111 A THR	-0.15945151381704697
112 A PRO	0.065146884111078
113 A ASP	0.18126974857945316
114 A ASP	0.20523567974511076
115 A SER	-0.2280809438774101
116 A ASP	-0.20878204814715068
117 A GLY	-0.05854174498969482
118 A TYR	-0.11738455991189528
119 A PRO	-0.12842472845794076
120 A GLU	-0.002589695223017753
121 A ALA	-0.11271196468743552
122 A TRP	-0.16197539840453015
123 A PHE	-0.2628513366941902
124 A SER	-0.11586592175716143
125 A LYS	0.2806744276571949
126 A ASP	0.4145946875953732
127 A PHE	0.03778499836373755
128 A GLU	0.5112492886565841
129 A GLN	0.3659890882680528
130 A THR	0.08082729427854754
131 A GLY	0.07027851356066793
132 A PRO	0.36115305972663225
133 A TYR	0.2741086555039946
134 A PHE	0.013629024497631596
135 A LYS	0.5012823693970967
136 A ARG	0.2770878319711961
137 A GLU	0.3649228625833058
138 A VAL	0.13598594316070842
139 A TYR	-0.2560977006083359
140 A HIS	0.07755924629872195
141 A TYR	-0.2594993086641128
142 A PRO	-0.014118561157122848
143 A ASN	-0.24908285806852332
144 A GLN	0.39255014764586005
145 A GLN	0.13922561593732924
146 A ARG	0.3853135931239517
147 A GLY	0.09959216015648556
148 A ALA	0.04225277485751179
149 A ILE	-0.11697042888695279
150 A LEU	-0.09337200087184234
151 A TRP	-0.23197229661436558
152 A TYR	-0.28248313918820883
153 A HIS	-0.31264550183384376
154 A ASP	-0.23027275806560377
155 A HIS	-0.26909862637389415
156 A ALA	-0.2003805227484055
157 A MET	0.11754701866876657
158 A ALA	0.19942664437953794
159 A LEU	-0.0002721474570328747
160 A THR	-0.2040066941580836
161 A ARG	-0.09044339355276158
162 A LEU	-0.09019931124072356
163 A ASN	-0.19287752481325893
164 A VAL	-0.16052905683760696
165 A TYR	-0.20036259997942202
166 A ALA	-0.17896170383046084
167 A GLY	-0.0638160997269146
168 A LEU	-0.15667925467380572
169 A VAL	-0.09767738334839629
170 A GLY	-0.06641657249234699
171 A ALA	-0.021107978829760874
172 A TYR	-0.22245246526345502
173 A ILE	-0.02957766291628732
174 A ILE	-0.12318908087403757
175 A HIS	0.21129089391435438
176 A ASP	0.09486155304692268
177 A PRO	0.38754698890855277
178 A LYS	0.556566035495866
179 A GLU	0.20996328322059107
180 A LYS	0.5875520514506949
181 A ARG	0.6085261792805493
182 A LEU	0.20757883667316854
183 A LYS	0.3950294202503205
184 A LEU	0.05756275602883783
185 A PRO	-0.20519996255546263
186 A SER	0.3920154850779813
187 A ASP	0.5806133235181333
188 A GLU	0.4706879176237358
189 A TYR	-0.009819837954557374
190 A ASP	-0.03748655638843111
191 A VAL	0.024445511427367294
192 A PRO	0.06079819751738365
193 A LEU	-0.032326415524912985
194 A LEU	-0.09980510842794375
195 A ILE	-0.11260059370296761
196 A THR	-0.0797905066562474
197 A ASP	-0.28185694698372565
198 A ARG	-0.06563878089990476
199 A THR	-0.004319256247976887
200 A ILE	0.0391943309638766
201 A ASN	0.19570274461763684
202 A GLU	0.7433407162142962
203 A ASP	0.4531119733233516
204 A GLY	0.05558244702916343
205 A SER	0.24756582428667387
206 A LEU	-0.05338940455994799
207 A PHE	0.2897914445463577
208 A TYR	-0.11823869057388454
209 A PRO	0.11980495831001968
210 A SER	0.32245408037601414
211 A ALA	0.18764513417559142
212 A PRO	0.2104326606258193
213 A GLU	0.6742326718162692
214 A ASN	0.6202046466627166
215 A PRO	0.3681304107411649
216 A SER	0.40962494264494953
217 A PRO	0.6556259707153488
218 A SER	0.4284829768334938
219 A LEU	0.0786102422862569
220 A PRO	0.08867380317263823
221 A ASN	0.5254249449043729
222 A PRO	0.24397431917780554
223 A SER	-0.10143428867108241
224 A ILE	-0.0018271517628904667
225 A VAL	0.11189585473388483
226 A PRO	0.4015030598995528
227 A ALA	0.30149222811045756
228 A PHE	-0.1504525431966271
229 A CYS	0.2597121485706679
230 A GLY	0.04917156429718949
231 A GLU	0.5253577347818619
232 A THR	-0.10201709888363063
233 A ILE	-0.24399408455693217
234 A LEU	-0.12665649088584957
235 A VAL	-0.15452620318655153
236 A ASN	-0.12171618140683706
237 A GLY	0.05456746835595142
238 A LYS	0.034164232711569965
239 A VAL	-0.13239191846818374
240 A TRP	-0.20385235806409416
241 A PRO	-0.28061914444159297
242 A TYR	0.08119075179506438
243 A LEU	0.04081039448743187
244 A GLU	0.2595743845134501
245 A VAL	-0.10149638820501707
246 A GLU	-0.1069974601840207
247 A PRO	-0.07674929634954139
248 A ARG	-0.12935937837377795
249 A LYS	-0.02238639749941691
250 A TYR	-0.2582980685079186
251 A ARG	-0.0007583448335076421
252 A PHE	-0.18605166022976227
253 A ARG	0.00047492032220848807
254 A VAL	-0.0803367359760138
255 A ILE	-0.15530100808116978
256 A ASN	-0.30447072490317095
257 A ALA	-0.020443006867149047
258 A SER	-0.18939195902194256
259 A ASN	-0.18884475965220685
260 A THR	-0.04495460617007472
261 A ARG	-0.06016813968646746
262 A THR	0.12094669704296214
263 A TYR	-0.2238254845368883
264 A ASN	0.166909971563978
265 A LEU	-0.09427100087915037
266 A SER	0.12028205040628756
267 A LEU	-0.0637531747753507
268 A ASP	0.290115240784463
269 A ASN	0.1662639376724497
270 A GLY	0.4577930481970396
271 A GLY	0.29885788880154057
272 A ASP	0.2810032494176597
273 A PHE	-0.18133116709645233
274 A ILE	0.04635859878131565
275 A GLN	-0.169211823820549
276 A ILE	-0.09995537587741447
277 A GLY	-0.0066563639671162285
278 A SER	-0.11962242821342337
279 A ASP	-0.12969529852652367
280 A GLY	0.057686758153059264
281 A GLY	0.1069506420651756
282 A LEU	0.1331357204722666
283 A LEU	-0.10863406270098801
284 A PRO	-0.03809478681464301
285 A ARG	0.25225862769926444
286 A SER	-0.02595897929801625
287 A VAL	0.14836189449283943
288 A LYS	0.48758917542371544
289 A LEU	0.09945851376404938
290 A ASN	0.3748930333732134
291 A SER	0.24569254120044381
292 A PHE	-0.08674125256980401
293 A SER	0.23686930272587972
294 A LEU	-0.1819502914366993
295 A ALA	0.02677145468131747
296 A PRO	-0.21325897283440226
297 A ALA	-0.14415685242581963
298 A GLU	-0.12270706579224268
299 A ARG	-0.20704353470893153
300 A TYR	-0.14029647378208154
301 A ASP	-0.15796572386042562
302 A ILE	-0.17698367858470407
303 A ILE	-0.13400810626618664
304 A ILE	-0.07706054463708684
305 A ASP	0.15311848333508832
306 A PHE	-0.31505168194581923
307 A THR	0.276815054280856
308 A ALA	0.5024968444392303
309 A TYR	0.1761417344442602
310 A GLU	0.4181827121434792
311 A GLY	0.40357397640131043
312 A GLU	0.29886259645494856
313 A SER	0.26303992911216867
314 A ILE	-0.08566496084434456
315 A ILE	0.13676932339860337
316 A LEU	-0.026394403880392648
317 A ALA	0.07190495675052737
318 A ASN	-0.18452991281606884
319 A SER	0.3845412773331384
320 A ALA	0.24829190365067874
321 A GLY	0.29799603585849416
322 A CYS	0.2055194695255733
323 A GLY	0.6616168533925336
324 A GLY	0.6064236621143165
325 A ASP	0.6757124246935308
326 A VAL	0.15528893218569953
327 A ASN	0.313866626631084
328 A PRO	0.5149173758791133
329 A GLU	0.5199249399273754
330 A THR	0.05068577739624843
331 A ASP	-0.026606160519799874
332 A ALA	0.02521423524863485
333 A ASN	-0.09222342667990191
334 A ILE	-0.07924000893176153
335 A MET	-0.07293664228847783
336 A GLN	-0.03050684963176799
337 A PHE	-0.1596652891947767
338 A ARG	0.18789922351905175
339 A VAL	-0.20985439232127864
340 A THR	0.26025454700279976
341 A LYS	0.25840135834739547
342 A PRO	0.5495569116329084
343 A LEU	0.2952405418081937
344 A ALA	0.4087059241244786
345 A GLN	0.43287095235761364
346 A LYS	0.6467005840848662
347 A ASP	0.11466731651749806
348 A GLU	0.4654063347509037
349 A SER	-0.041252162823135485
350 A ARG	0.4382453652453016
351 A LYS	0.4199188573503205
352 A PRO	0.16403397519269536
353 A LYS	0.38675706702660834
354 A TYR	0.5581377425250467
355 A LEU	-0.014278935942381993
356 A ALA	0.27604095699164455
357 A SER	0.5876952643304132
358 A TYR	0.2768694336692051
359 A PRO	-0.006855587536814864
360 A SER	0.3643008687339508
361 A VAL	0.49858130382382143
362 A GLN	0.3369087826223207
363 A HIS	0.5777619894427168
364 A GLU	0.3851408403056871
365 A ARG	0.6442916282853237
366 A ILE	0.3060699718938835
367 A GLN	0.32194301036007256
368 A ASN	0.26988118604215405
369 A ILE	0.3845964145524828
370 A ARG	0.08347388866709914
371 A THR	0.39003719394880954
372 A LEU	-0.00750959680056601
373 A LYS	0.11795173367466753
374 A LEU	-0.09940079012318435
375 A ALA	0.13917659613795066
376 A GLY	0.24984990165922574
377 A THR	0.42708660071682747
378 A GLN	0.4561504076653709
379 A ASP	-0.029880002642900617
380 A GLU	0.5629872673024799
381 A TYR	0.19922438789389238
382 A GLY	0.322790052238154
383 A ARG	-0.08543966178444563
384 A PRO	0.36344517445786817
385 A VAL	0.026893820853652307
386 A LEU	0.06619465933097313
387 A LEU	0.004222188235866495
388 A LEU	-0.15039594077074606
389 A ASN	0.22054907548079464
390 A ASN	0.2871742608446285
391 A LYS	0.27375196229553944
392 A ARG	0.2864097963041221
393 A TRP	-0.005469569818088407
394 A HIS	0.40896346907753167
395 A ASP	0.18601539999209224
396 A PRO	0.5350396696751563
397 A VAL	0.19866446389812176
398 A THR	0.30065631246910957
399 A GLU	-0.06093844073494619
400 A THR	0.2099854167585247
401 A PRO	-0.1671771571884549
402 A LYS	0.45883908249780553
403 A VAL	0.20907529991134688
404 A GLY	0.3932558486913672
405 A THR	0.09761507339406882
406 A THR	-0.03029919096583328
407 A GLU	-0.21484032386359803
408 A ILE	0.1109241121353349
409 A TRP	-0.16437156589707955
410 A SER	-0.0003536338703359849
411 A ILE	-0.07390822634666343
412 A ILE	-0.026332195605165636
413 A ASN	-0.2441112778784766
414 A PRO	-0.10476037801559812
415 A THR	0.16050663684243607
416 A ARG	0.7719953983965759
417 A GLY	0.4185731918017869
418 A THR	0.17181757957822003
419 A HIS	-0.1013037509465914
420 A PRO	-0.22181752001478772
421 A ILE	-0.11659181715220161
422 A HIS	-0.3397959481700477
423 A LEU	-0.13219264894264185
424 A HIS	-0.24441013986271126
425 A LEU	-0.07053799823456997
426 A VAL	0.05261537413189101
427 A SER	0.07388009323507232
428 A PHE	-0.13727509632793253
429 A ARG	0.10367066398192855
430 A VAL	-0.12737506134631138
431 A LEU	0.2552662648250176
432 A ASP	0.06412976169904366
433 A ARG	0.017619527721952806
434 A ARG	0.22591497881418957
435 A PRO	0.07973668438578603
436 A PHE	-0.2888241625245818
437 A ASP	0.23613915747599182
438 A ILE	0.23405332053294356
439 A ALA	0.519980863044981
440 A ARG	0.31123685927442724
441 A TYR	-0.016701286554224686
442 A GLN	0.34263561119132735
443 A GLU	0.6074457194002975
444 A SER	0.224713959833144
445 A GLY	0.3255229698252262
446 A GLU	0.4725502884496159
447 A LEU	0.2265465625420958
448 A SER	0.30475616487815
449 A TYR	0.15691219911275864
450 A THR	0.34669153760332505
451 A GLY	0.40200127745201386
452 A PRO	0.5917667948422682
453 A ALA	0.24370369512758341
454 A VAL	0.3843611242290944
455 A PRO	0.4616621511051497
456 A PRO	0.032406227088252866
457 A PRO	0.3255713318491806
458 A PRO	0.43128781010116485
459 A SER	0.11348916620390596
460 A GLU	0.13004265146157296
461 A LYS	0.25713939610128245
462 A GLY	-0.010382207433130564
463 A TRP	0.13097492791717563
464 A LYS	-0.13479951359354497
465 A ASP	-0.19120328163519287
466 A THR	-0.31327351595150504
467 A ILE	-0.05546026972151513
468 A GLN	0.07184975939441257
469 A ALA	-0.15175206254191406
470 A HIS	0.30466576467015266
471 A ALA	0.19290519592131727
472 A GLY	0.08650345842314788
473 A GLU	0.13233875943943105
474 A VAL	-0.08638474145652988
475 A LEU	-0.10136765126759652
476 A ARG	0.24190379335206524
477 A ILE	-0.07145115442354363
478 A ALA	0.05643845925578863
479 A ALA	-0.12200635475248535
480 A THR	0.2492095803109521
481 A PHE	-0.1955656362950513
482 A GLY	0.19119499956559158
483 A PRO	0.46455888026511233
484 A TYR	0.21712584915155966
485 A SER	0.2492557462107755
486 A GLY	0.20591151851121844
487 A ARG	0.19716539265263686
488 A TYR	-0.2155558602545839
489 A VAL	-0.24450789150492164
490 A TRP	-0.1485008398567546
491 A HIS	-0.31212589996754075
492 A CYS	-0.24300991960451385
493 A HIS	-0.3100178424412958
494 A ILE	-0.053754668288172186
495 A LEU	-0.12685505493958613
496 A GLU	-0.23667117494023468
497 A HIS	-0.06274515954190728
498 A GLU	-0.22708235977368327
499 A ASP	-0.15640947286043028
500 A TYR	-0.0002866782469728766
501 A ASP	-0.0637339192588744
502 A MET	-0.13830199277428992
503 A MET	-0.13645410600908353
504 A ARG	-0.21567083417895413
505 A PRO	-0.19227460077998568
506 A MET	-0.22014898322042287
507 A ASP	0.08149399403760962
508 A ILE	-0.1613651286923123
509 A THR	0.21341876435497362
510 A ASP	0.5016427837937208
